"StorePath","Subject","Issuer","Thumbprint","FriendlyName","NotBefore","NotAfter","HasPrivateKey","SignatureAlgorithm","PublicKeyAlgorithm","SerialNumber","SubjectAltName"
"Cert:\LocalMachine\My","CN=etranprocessing.ru, OU=it, O=platerra, L=Moscow, S=msk, C=RU","CN=certsrv, DC=corepay, DC=local","B55A3FC17420FA4A8FCE635F0FEC8E44035C0933","etranprocessing.ru","05.07.2017 13:32:14","05.07.2019 13:32:14","True","sha1RSA","RSA","66E5C939000200001FD7",
"Cert:\LocalMachine\My","E=root@localhost, OU=umarsh, O=umarsh, CN=1, L=spb, C=RU","E=root@localhost, OU=umarsh, O=umarsh, CN=1, L=spb, C=RU","480BE0F7F6C6FF129AA5320BE215FE4F82A7269B","","26.01.2022 15:32:13","26.01.2023 15:32:13","True","sha1RSA","RSA","00872190D43F82D79E",
"Cert:\LocalMachine\CA","CN=Root Agency","CN=Root Agency","FEE449EE0E3965A5246F000E87FDE2A065FD89D4","","29.05.1996 2:02:59","01.01.2040 2:59:59","False","md5RSA","RSA","06376C00AA00648A11CFB8D4AA5C35F4",
"Cert:\LocalMachine\CA","OU=www.verisign.com/CPS Incorp.by Ref. LIABILITY LTD.(c)97 VeriSign, OU=VeriSign International Server CA - Class 3, OU=""VeriSign, Inc."", O=VeriSign Trust Network","OU=Class 3 Public Primary Certification Authority, O=""VeriSign, Inc."", C=US","D559A586669B08F46A30A133F8A9ED3D038E2EA8","","17.04.1997 4:00:00","25.10.2016 2:59:59","False","sha1RSA","RSA","46FCEBBAB4D02F0F926098233F93078F",
"Cert:\LocalMachine\CA","CN=Microsoft Windows Hardware Compatibility, OU=Microsoft Corporation, OU=Microsoft Windows Hardware Compatibility Intermediate CA, OU=Copyright (c) 1997 Microsoft Corp.","CN=Microsoft Root Authority, OU=Microsoft Corporation, OU=Copyright (c) 1997 Microsoft Corp.","109F1CAED645BB78B3EA2B94C0697C740733031C","","01.10.1997 11:00:00","31.12.2002 10:00:00","False","md5RSA","RSA","198B11D13F9A8FFE69A0",
"Cert:\LocalMachine\CA","CN=root-ca, DC=corepay, DC=local","CN=root-ca, DC=corepay, DC=local","A99BF4A05D332E6305FD7C7BA1CEA1F7D4E7EDE9","","07.04.2006 15:16:44","07.04.2011 15:24:40","False","sha1RSA","RSA","79C30BFE22CB6DBC461F20F06D49E363",
"Cert:\LocalMachine\CA","CN=certsrv, DC=corepay, DC=local","CN=certsrv, DC=corepay, DC=local","8999B21D1DBD3F135A1797CAD4A27589C7932850","","12.04.2006 14:42:00","12.03.2030 14:51:27","False","sha1RSA","RSA","04B81194443C96924FA7BF2724D5BF5A",
"Cert:\LocalMachine\Root","CN=Microsoft Root Certificate Authority, DC=microsoft, DC=com","CN=Microsoft Root Certificate Authority, DC=microsoft, DC=com","CDD4EEAE6000AC7F40C3802C171E30148030C072","Microsoft Root Certificate Authority","10.05.2001 3:19:22","10.05.2021 2:28:13","False","sha1RSA","RSA","79AD16A14AA0A5AD4C7358F407132E65",
"Cert:\LocalMachine\Root","CN=Thawte Timestamping CA, OU=Thawte Certification, O=Thawte, L=Durbanville, S=Western Cape, C=ZA","CN=Thawte Timestamping CA, OU=Thawte Certification, O=Thawte, L=Durbanville, S=Western Cape, C=ZA","BE36A4562FB2EE05DBB3D32323ADF445084ED656","Thawte Timestamping CA","01.01.1997 3:00:00","01.01.2021 2:59:59","False","md5RSA","RSA","00",
"Cert:\LocalMachine\Root","CN=Microsoft Root Authority, OU=Microsoft Corporation, OU=Copyright (c) 1997 Microsoft Corp.","CN=Microsoft Root Authority, OU=Microsoft Corporation, OU=Copyright (c) 1997 Microsoft Corp.","A43489159A520F0D93D032CCAF37E7FE20A8B419","Microsoft Root Authority","10.01.1997 10:00:00","31.12.2020 10:00:00","False","md5RSA","RSA","00C1008B3C3C8811D13EF663ECDF40",
"Cert:\LocalMachine\Root","CN=Microsoft Root Certificate Authority 2011, O=Microsoft Corporation, L=Redmond, S=Washington, C=US","CN=Microsoft Root Certificate Authority 2011, O=Microsoft Corporation, L=Redmond, S=Washington, C=US","8F43288AD272F3103B6FB1428485EA3014C0BCFE","Microsoft Root Certificate Authority 2011","23.03.2011 1:05:28","23.03.2036 1:13:04","False","sha256RSA","RSA","3F8BC8B5FC9FB29643B569D66C42E144",
"Cert:\LocalMachine\Root","CN=Microsoft Authenticode(tm) Root Authority, O=MSFT, C=US","CN=Microsoft Authenticode(tm) Root Authority, O=MSFT, C=US","7F88CD7223F3C813818C994614A89C99FA3B5247","Microsoft Authenticode(tm) Root","01.01.1995 11:00:01","01.01.2000 2:59:59","False","md5RSA","RSA","01",
"Cert:\LocalMachine\Root","CN=Microsoft Root Certificate Authority 2010, O=Microsoft Corporation, L=Redmond, S=Washington, C=US","CN=Microsoft Root Certificate Authority 2010, O=Microsoft Corporation, L=Redmond, S=Washington, C=US","3B1EFD3A66EA28B16697394703A72CA340A05BD5","Microsoft Root Certificate Authority 2010","24.06.2010 1:57:24","24.06.2035 1:04:01","False","sha256RSA","RSA","28CC3A25BFBA44AC449A9B586B4339AA",
"Cert:\LocalMachine\Root","OU=Copyright (c) 1997 Microsoft Corp., OU=Microsoft Time Stamping Service Root, OU=Microsoft Corporation, O=Microsoft Trust Network","OU=Copyright (c) 1997 Microsoft Corp., OU=Microsoft Time Stamping Service Root, OU=Microsoft Corporation, O=Microsoft Trust Network","245C97DF7514E7CF2DF8BE72AE957B9E04741E85","Microsoft Timestamp Root","13.05.1997 20:12:59","31.12.1999 2:59:59","False","md5RSA","RSA","01",
"Cert:\LocalMachine\Root","OU=""NO LIABILITY ACCEPTED, (c)97 VeriSign, Inc."", OU=VeriSign Time Stamping Service Root, OU=""VeriSign, Inc."", O=VeriSign Trust Network","OU=""NO LIABILITY ACCEPTED, (c)97 VeriSign, Inc."", OU=VeriSign Time Stamping Service Root, OU=""VeriSign, Inc."", O=VeriSign Trust Network","18F7C1FCC3090203FD5BAA2F861A754976C8DD25","VeriSign Time Stamping CA","12.05.1997 4:00:00","08.01.2004 2:59:59","False","md5RSA","RSA","4A19D2388C82591CA55D735F155DDCA3",
"Cert:\LocalMachine\Root","CN=DigiCert Global Root G2, OU=www.digicert.com, O=DigiCert Inc, C=US","CN=DigiCert Global Root G2, OU=www.digicert.com, O=DigiCert Inc, C=US","DF3C24F9BFD666761B268073FE06D1CC8D4F82A4","DigiCert Global Root G2","01.08.2013 16:00:00","15.01.2038 15:00:00","False","sha256RSA","RSA","033AF1E6A711A9A0BB2864B11D09FAE5",
"Cert:\LocalMachine\Root","CN=GeoTrust Global CA, O=GeoTrust Inc., C=US","CN=GeoTrust Global CA, O=GeoTrust Inc., C=US","DE28F4A4FFE5B92FA3C503D1A349A7F9962A8212","GeoTrust Global CA","21.05.2002 8:00:00","21.05.2022 7:00:00","False","sha1RSA","RSA","023456",
"Cert:\LocalMachine\Root","CN=DST Root CA X3, O=Digital Signature Trust Co.","CN=DST Root CA X3, O=Digital Signature Trust Co.","DAC9024F54D8F6DF94935FB1732638CA6AD77C13","DST Root CA X3","01.10.2000 1:12:19","30.09.2021 17:01:15","False","sha1RSA","RSA","44AFB080D6A327BA893039862EF8406B",
"Cert:\LocalMachine\Root","CN=GlobalSign, O=GlobalSign, OU=GlobalSign Root CA - R3","CN=GlobalSign, O=GlobalSign, OU=GlobalSign Root CA - R3","D69B561148F01C77C54578C10926DF5B856976AD","GlobalSign Root CA - R3","18.03.2009 13:00:00","18.03.2029 13:00:00","False","sha256RSA","RSA","04000000000121585308A2",
"Cert:\LocalMachine\Root","CN=Baltimore CyberTrust Root, OU=CyberTrust, O=Baltimore, C=IE","CN=Baltimore CyberTrust Root, OU=CyberTrust, O=Baltimore, C=IE","D4DE20D05E66FC53FE1A50882C78DB2852CAE474","DigiCert Baltimore Root","12.05.2000 22:46:00","13.05.2025 2:59:00","False","sha1RSA","RSA","020000B9",
"Cert:\LocalMachine\Root","OU=Equifax Secure Certificate Authority, O=Equifax, C=US","OU=Equifax Secure Certificate Authority, O=Equifax, C=US","D23209AD23D314232174E40D7F9D62139786633A","GeoTrust","22.08.1998 20:41:51","22.08.2018 19:41:51","False","sha1RSA","RSA","35DEF4CF",
"Cert:\LocalMachine\Root","CN=AAA Certificate Services, O=Comodo CA Limited, L=Salford, S=Greater Manchester, C=GB","CN=AAA Certificate Services, O=Comodo CA Limited, L=Salford, S=Greater Manchester, C=GB","D1EB23A46D17D68FD92564C2F1F1601764D8E349","Sectigo (AAA)","01.01.2004 3:00:00","01.01.2029 2:59:59","False","sha1RSA","RSA","01",
"Cert:\LocalMachine\Root","CN=ISRG Root X1, O=Internet Security Research Group, C=US","CN=ISRG Root X1, O=Internet Security Research Group, C=US","CABD2A79A1076A31F21D253635CB039D4329A5E8","ISRG Root X1","04.06.2015 14:04:38","04.06.2035 14:04:38","False","sha256RSA","RSA","008210CFB0D240E3594463E0BB63828B00",
"Cert:\LocalMachine\Root","CN=GlobalSign Root CA, OU=Root CA, O=GlobalSign nv-sa, C=BE","CN=GlobalSign Root CA, OU=Root CA, O=GlobalSign nv-sa, C=BE","B1BC968BD4F49D622AA89A81F2150152A41D829C","GlobalSign Root CA - R1","01.09.1998 16:00:00","28.01.2028 15:00:00","False","sha1RSA","RSA","040000000001154B5AC394",
"Cert:\LocalMachine\Root","OU=Starfield Class 2 Certification Authority, O=""Starfield Technologies, Inc."", C=US","OU=Starfield Class 2 Certification Authority, O=""Starfield Technologies, Inc."", C=US","AD7E1C28B064EF8F6003402014C3D0E3370EB58A","Starfield Class 2 Certification Authority","29.06.2004 21:39:16","29.06.2034 20:39:16","False","sha1RSA","RSA","00",
"Cert:\LocalMachine\Root","CN=DigiCert Global Root CA, OU=www.digicert.com, O=DigiCert Inc, C=US","CN=DigiCert Global Root CA, OU=www.digicert.com, O=DigiCert Inc, C=US","A8985D3A65E5E5C4B2D7D66D40C6DD2FB19C5436","DigiCert","10.11.2006 3:00:00","10.11.2031 3:00:00","False","sha1RSA","RSA","083BE056904246B1A1756AC95991C74A",
"Cert:\LocalMachine\Root","CN=thawte Primary Root CA, OU=""(c) 2006 thawte, Inc. - For authorized use only"", OU=Certification Services Division, O=""thawte, Inc."", C=US","CN=thawte Primary Root CA, OU=""(c) 2006 thawte, Inc. - For authorized use only"", OU=Certification Services Division, O=""thawte, Inc."", C=US","91C6D6EE3E8AC86384E548C299295C756C817B81","thawte","17.11.2006 3:00:00","17.07.2036 2:59:59","False","sha1RSA","RSA","344ED55720D5EDEC49F42FCE37DB2B6D",
"Cert:\LocalMachine\Root","CN=GlobalSign, O=GlobalSign, OU=GlobalSign Root CA - R6","CN=GlobalSign, O=GlobalSign, OU=GlobalSign Root CA - R6","8094640EB5A7A1CA119C1FDDD59F810263A7FBD1","GlobalSign Root CA - R6","10.12.2014 3:00:00","10.12.2034 3:00:00","False","sha384RSA","RSA","45E6BB038333C3856548E6FF4551",
"Cert:\LocalMachine\Root","CN=GlobalSign, O=GlobalSign, OU=GlobalSign Root CA - R2","CN=GlobalSign, O=GlobalSign, OU=GlobalSign Root CA - R2","75E0ABB6138512271C04F85FDDDE38E4B7242EFE","Google Trust Services - GlobalSign Root CA-R2","15.12.2006 11:00:00","15.12.2021 11:00:00","False","sha1RSA","RSA","0400000000010F8626E60D",
"Cert:\LocalMachine\Root","OU=Class 3 Public Primary Certification Authority, O=""VeriSign, Inc."", C=US","OU=Class 3 Public Primary Certification Authority, O=""VeriSign, Inc."", C=US","742C3192E607E424EB4549542BE1BBC53E6174E2","VeriSign Class 3 Public Primary CA","29.01.1996 3:00:00","02.08.2028 2:59:59","False","md2RSA","RSA","70BAE41D10D92934B638CA7B03CCBABF",
"Cert:\LocalMachine\Root","CN=Certum CA, O=Unizeto Sp. z o.o., C=PL","CN=Certum CA, O=Unizeto Sp. z o.o., C=PL","6252DC40F71143A22FDE9EF7348E064251B18118","Certum","11.06.2002 14:46:39","11.06.2027 13:46:39","False","sha1RSA","RSA","010020",
"Cert:\LocalMachine\Root","CN=DigiCert High Assurance EV Root CA, OU=www.digicert.com, O=DigiCert Inc, C=US","CN=DigiCert High Assurance EV Root CA, OU=www.digicert.com, O=DigiCert Inc, C=US","5FB7EE0633E259DBAD0C4C9AE6D38F1A61C7DC25","DigiCert","10.11.2006 3:00:00","10.11.2031 3:00:00","False","sha1RSA","RSA","02AC5C266A0B409B8F0B79F2AE462577",
"Cert:\LocalMachine\Root","CN=VeriSign Class 3 Public Primary Certification Authority - G5, OU=""(c) 2006 VeriSign, Inc. - For authorized use only"", OU=VeriSign Trust Network, O=""VeriSign, Inc."", C=US","CN=VeriSign Class 3 Public Primary Certification Authority - G5, OU=""(c) 2006 VeriSign, Inc. - For authorized use only"", OU=VeriSign Trust Network, O=""VeriSign, Inc."", C=US","4EB6D578499B1CCF5F581EAD56BE3D9B6744A5E5","VeriSign","08.11.2006 3:00:00","17.07.2036 2:59:59","False","sha1RSA","RSA","18DAD19E267DE8BB4A2158CDCC6B3B4A",
"Cert:\LocalMachine\Root","CN=StartCom Certification Authority, OU=Secure Digital Certificate Signing, O=StartCom Ltd., C=IL","CN=StartCom Certification Authority, OU=Secure Digital Certificate Signing, O=StartCom Ltd., C=IL","3E2BF7F2031B96F38CE6C4D8A85D3E2D58476A0F","StartCom Certification Authority","17.09.2006 23:46:36","17.09.2036 22:46:36","False","sha1RSA","RSA","01",
"Cert:\LocalMachine\Root","CN=VeriSign Universal Root Certification Authority, OU=""(c) 2008 VeriSign, Inc. - For authorized use only"", OU=VeriSign Trust Network, O=""VeriSign, Inc."", C=US","CN=VeriSign Universal Root Certification Authority, OU=""(c) 2008 VeriSign, Inc. - For authorized use only"", OU=VeriSign Trust Network, O=""VeriSign, Inc."", C=US","3679CA35668772304D30A5FB873B0FA77BB70D54","VeriSign Universal Root Certification Authority","02.04.2008 4:00:00","02.12.2037 2:59:59","False","sha256RSA","RSA","401AC46421B31321030EBBE4121AC51D",
"Cert:\LocalMachine\Root","CN=USERTrust RSA Certification Authority, O=The USERTRUST Network, L=Jersey City, S=New Jersey, C=US","CN=USERTrust RSA Certification Authority, O=The USERTRUST Network, L=Jersey City, S=New Jersey, C=US","2B8F1B57330DBBA2D07A6C51F70EE90DDAB9AD8E","Sectigo","01.02.2010 3:00:00","19.01.2038 2:59:59","False","sha384RSA","RSA","01FD6D30FCA3CA51A81BBC640E35032D",
"Cert:\LocalMachine\Root","OU=Go Daddy Class 2 Certification Authority, O=""The Go Daddy Group, Inc."", C=US","OU=Go Daddy Class 2 Certification Authority, O=""The Go Daddy Group, Inc."", C=US","2796BAE63F1801E277261BA0D77770028F20EEE4","Go Daddy Class 2 Certification Authority","29.06.2004 21:06:20","29.06.2034 20:06:20","False","sha1RSA","RSA","00",
"Cert:\LocalMachine\Root","CN=Certum Trusted Network CA, OU=Certum Certification Authority, O=Unizeto Technologies S.A., C=PL","CN=Certum Trusted Network CA, OU=Certum Certification Authority, O=Unizeto Technologies S.A., C=PL","07E032E020B72C3F192F0628A2593A19A70F069E","Certum Trusted Network CA","22.10.2008 16:07:37","31.12.2029 15:07:37","False","sha1RSA","RSA","0444C0",
"Cert:\LocalMachine\Root","CN=DigiCert Assured ID Root CA, OU=www.digicert.com, O=DigiCert Inc, C=US","CN=DigiCert Assured ID Root CA, OU=www.digicert.com, O=DigiCert Inc, C=US","0563B8630D62D75ABBC8AB1E4BDFB5A899B24D43","DigiCert","10.11.2006 3:00:00","10.11.2031 3:00:00","False","sha1RSA","RSA","0CE7E0E517D846FE8FE560FC1BF03039",
"Cert:\LocalMachine\Root","CN=AddTrust External CA Root, OU=AddTrust External TTP Network, O=AddTrust AB, C=SE","CN=AddTrust External CA Root, OU=AddTrust External TTP Network, O=AddTrust AB, C=SE","02FAF3E291435468607857694DF5E45B68851868","Sectigo (AddTrust)","30.05.2000 14:48:38","30.05.2020 13:48:38","False","sha1RSA","RSA","01",
"Cert:\LocalMachine\Root","CN=certsrv, DC=corepay, DC=local","CN=certsrv, DC=corepay, DC=local","CDEBD74C2D0D354FB3ED8325941ECA4F48D00BA0","","12.04.2006 14:42:00","28.10.2025 16:28:28","False","sha1RSA","RSA","72DA42444BABD3924CDF4CEE452E8D1A",
"Cert:\LocalMachine\Root","CN=root-ca, DC=corepay, DC=local","CN=root-ca, DC=corepay, DC=local","A99BF4A05D332E6305FD7C7BA1CEA1F7D4E7EDE9","","07.04.2006 15:16:44","07.04.2011 15:24:40","False","sha1RSA","RSA","79C30BFE22CB6DBC461F20F06D49E363",
"Cert:\LocalMachine\Root","CN=certsrv, DC=corepay, DC=local","CN=certsrv, DC=corepay, DC=local","8C9BA9650AF2E3EF1D9ED91CC3713CF3520B70F0","","12.04.2006 14:42:00","12.04.2011 14:50:52","False","sha1RSA","RSA","4E6A2E9ABFBE189E423FE1BDD554D1ED",
"Cert:\LocalMachine\Root","CN=certsrv, DC=corepay, DC=local","CN=certsrv, DC=corepay, DC=local","8999B21D1DBD3F135A1797CAD4A27589C7932850","","12.04.2006 14:42:00","12.03.2030 14:51:27","False","sha1RSA","RSA","04B81194443C96924FA7BF2724D5BF5A",
"Cert:\LocalMachine\Root","CN=certsrv, DC=corepay, DC=local","CN=certsrv, DC=corepay, DC=local","502C1A296C371DF90C95BE56B965EB13FBC44C32","","12.04.2006 14:42:00","15.03.2021 18:44:23","False","sha1RSA","RSA","63F4707F0095B3AF4D65EA1AE05DAA0A",
"Cert:\LocalMachine\Root","CN=certsrv, DC=corepay, DC=local","CN=certsrv, DC=corepay, DC=local","2F1682475AEEC91FC9C8F30F9A1C762D8A9F7CC3","","12.04.2006 14:42:00","15.03.2016 18:05:41","False","sha1RSA","RSA","4BD57415776267A34CE8A591CE1ED999",
