"path","PhysicalPath","applicationPool","enabledProtocols","ItemXPath"
"/payment","C:\ETRANPROCESSING\payment","etranprocessing.ru","http","/system.applicationHost/sites/site[@name='etranprocessing.ru' and @id='2']/application[@path='/payment']"
"/Certificates","C:\ETRANPROCESSING\Certificates","Admin2.0","http","/system.applicationHost/sites/site[@name='etranprocessing.ru' and @id='2']/application[@path='/Certificates']"
"/DNL","C:\ETRANPROCESSING\DNL","Admin2.0","http","/system.applicationHost/sites/site[@name='etranprocessing.ru' and @id='2']/application[@path='/DNL']"
"/VTerminal","C:\ETRANPROCESSING\VTerminal","etranprocessing.ru","http","/system.applicationHost/sites/site[@name='etranprocessing.ru' and @id='2']/application[@path='/VTerminal']"
"/GateGauge","C:\ETRANPROCESSING\GateGauge",".NET v4.5","http","/system.applicationHost/sites/site[@name='etranprocessing.ru' and @id='2']/application[@path='/GateGauge']"
"/Documents","C:\ETRANPROCESSING\Documents","Admin2.0","http","/system.applicationHost/sites/site[@name='etranprocessing.ru' and @id='2']/application[@path='/Documents']"
"/OsmpDispatcher","C:\ETRANPROCESSING\OsmpDispatcher","etranprocessing.ru","http","/system.applicationHost/sites/site[@name='etranprocessing.ru' and @id='2']/application[@path='/OsmpDispatcher']"
"/TechGate","C:\ETRANPROCESSING\TechGate","DefaultAppPool","http","/system.applicationHost/sites/site[@name='etranprocessing.ru' and @id='2']/application[@path='/TechGate']"
"/UpdateService","C:\ETRANPROCESSING\UpdateService","etranprocessing.ru","http","/system.applicationHost/sites/site[@name='etranprocessing.ru' and @id='2']/application[@path='/UpdateService']"
"/XML_FMSLoanPays","C:\ETRANPROCESSING\XML_FMSLoanPays","etranprocessing.ru","http","/system.applicationHost/sites/site[@name='etranprocessing.ru' and @id='2']/application[@path='/XML_FMSLoanPays']"
"/XML_FMSPenaltyPays","C:\ETRANPROCESSING\XML_FMSPenaltyPays","etranprocessing.ru","http","/system.applicationHost/sites/site[@name='etranprocessing.ru' and @id='2']/application[@path='/XML_FMSPenaltyPays']"
"/XML_FMSServicePays","C:\ETRANPROCESSING\XML_FMSServicePays","etranprocessing.ru","http","/system.applicationHost/sites/site[@name='etranprocessing.ru' and @id='2']/application[@path='/XML_FMSServicePays']"
"/XML_GIBDDPenaltyMiscPays","C:\ETRANPROCESSING\XML_GIBDDPenaltyMiscPays","etranprocessing.ru","http","/system.applicationHost/sites/site[@name='etranprocessing.ru' and @id='2']/application[@path='/XML_GIBDDPenaltyMiscPays']"
"/XML_GIBDDPenaltyPays","C:\ETRANPROCESSING\XML_GIBDDPenaltyPays","etranprocessing.ru","http","/system.applicationHost/sites/site[@name='etranprocessing.ru' and @id='2']/application[@path='/XML_GIBDDPenaltyPays']"
"/XML_GIBDDServicePays","C:\ETRANPROCESSING\XML_GIBDDServicePays","etranprocessing.ru","http","/system.applicationHost/sites/site[@name='etranprocessing.ru' and @id='2']/application[@path='/XML_GIBDDServicePays']"
"/XML_GIBDDTechnicalInspectionPays2","C:\ETRANPROCESSING\XML_GIBDDTechnicalInspectionPays2","etranprocessing.ru","http","/system.applicationHost/sites/site[@name='etranprocessing.ru' and @id='2']/application[@path='/XML_GIBDDTechnicalInspectionPays2']"
"/XML_GibddTollage","C:\ETRANPROCESSING\XML_GibddTollage","etranprocessing.ru","http","/system.applicationHost/sites/site[@name='etranprocessing.ru' and @id='2']/application[@path='/XML_GibddTollage']"
"/XML_RosReestr","C:\ETRANPROCESSING\XML_RosReestr","etranprocessing.ru","http","/system.applicationHost/sites/site[@name='etranprocessing.ru' and @id='2']/application[@path='/XML_RosReestr']"
"/XML_RyazanEducation","C:\ETRANPROCESSING\XML_RyazanEducation","etranprocessing.ru","http","/system.applicationHost/sites/site[@name='etranprocessing.ru' and @id='2']/application[@path='/XML_RyazanEducation']"
"/XML_RyazanService","C:\ETRANPROCESSING\XML_RyazanService","etranprocessing.ru","http","/system.applicationHost/sites/site[@name='etranprocessing.ru' and @id='2']/application[@path='/XML_RyazanService']"
"/XML_SES","C:\ETRANPROCESSING\XML_SES","etranprocessing.ru","http","/system.applicationHost/sites/site[@name='etranprocessing.ru' and @id='2']/application[@path='/XML_SES']"
"/XML_Vitte","C:\ETRANPROCESSING\XML_Vitte","etranprocessing.ru","http","/system.applicationHost/sites/site[@name='etranprocessing.ru' and @id='2']/application[@path='/XML_Vitte']"
"/ryazan","C:\ETRANPROCESSING\ryazan","etranprocessing.ru","http","/system.applicationHost/sites/site[@name='etranprocessing.ru' and @id='2']/application[@path='/ryazan']"
"/ixEngine","C:\ETRANPROCESSING\ixEngine","etranprocessing.ru","http","/system.applicationHost/sites/site[@name='etranprocessing.ru' and @id='2']/application[@path='/ixEngine']"
"/XML_UMVDPenaltyPays","C:\ETRANPROCESSING\XML_UMVDPenaltyPays","etranprocessing.ru","http","/system.applicationHost/sites/site[@name='etranprocessing.ru' and @id='2']/application[@path='/XML_UMVDPenaltyPays']"
"/XML_SotCom","C:\ETRANPROCESSING\XML_SotCom","etranprocessing.ru","http","/system.applicationHost/sites/site[@name='etranprocessing.ru' and @id='2']/application[@path='/XML_SotCom']"
"/SendScriptsToKioskWebService","C:\ETRANPROCESSING\SendScriptsToKioskWebService","etranprocessing.ru","http","/system.applicationHost/sites/site[@name='etranprocessing.ru' and @id='2']/application[@path='/SendScriptsToKioskWebService']"
"/XML_RyazanGAZ","C:\ETRANPROCESSING\XML_RyazanGAZ","etranprocessing.ru","http","/system.applicationHost/sites/site[@name='etranprocessing.ru' and @id='2']/application[@path='/XML_RyazanGAZ']"
"/XML_RyazanMfc","C:\ETRANPROCESSING\XML_RyazanMfc","etranprocessing.ru","http","/system.applicationHost/sites/site[@name='etranprocessing.ru' and @id='2']/application[@path='/XML_RyazanMfc']"
"/XML_RyazanMed","C:\ETRANPROCESSING\XML_RyazanMed",".NET v4.5","http","/system.applicationHost/sites/site[@name='etranprocessing.ru' and @id='2']/application[@path='/XML_RyazanMed']"
"/licensebilling","C:\ETRANPROCESSING\licensebilling",".NET v4.5","http","/system.applicationHost/sites/site[@name='etranprocessing.ru' and @id='2']/application[@path='/licensebilling']"
"/XML_Belgorod","C:\ETRANPROCESSING\XML_Belgorod",".NET v4.5","http","/system.applicationHost/sites/site[@name='etranprocessing.ru' and @id='2']/application[@path='/XML_Belgorod']"
"/T","C:\ETRANPROCESSING\T","T","http","/system.applicationHost/sites/site[@name='etranprocessing.ru' and @id='2']/application[@path='/T']"
"/API/333","C:\ETRANPROCESSING\API\333","etranprocessing.ru","http","/system.applicationHost/sites/site[@name='etranprocessing.ru' and @id='2']/application[@path='/API/333']"
"/Payments","C:\ETRANPROCESSING\Payments",".NET v4.5","http","/system.applicationHost/sites/site[@name='etranprocessing.ru' and @id='2']/application[@path='/Payments']"
"/XML_Payments","C:\ETRANPROCESSING\XML_Payments",".NET v4.5","http","/system.applicationHost/sites/site[@name='etranprocessing.ru' and @id='2']/application[@path='/XML_Payments']"
"/TestAppWeb1","C:\ETRANPROCESSING\TestAppWeb1",".NET v4.5","http","/system.applicationHost/sites/site[@name='etranprocessing.ru' and @id='2']/application[@path='/TestAppWeb1']"
"/PortalTerminalCmd","C:\ETRANPROCESSING\PortalTerminalCmd","NetCore","http","/system.applicationHost/sites/site[@name='etranprocessing.ru' and @id='2']/application[@path='/PortalTerminalCmd']"
"/PortalTerminalCmd2","C:\ETRANPROCESSING\PortalTerminalCmd2","NetCore2","http","/system.applicationHost/sites/site[@name='etranprocessing.ru' and @id='2']/application[@path='/PortalTerminalCmd2']"
"/AppTest","C:\ETRANPROCESSING\AppTest","NetCore2","http","/system.applicationHost/sites/site[@name='etranprocessing.ru' and @id='2']/application[@path='/AppTest']"
"/XML_SportKom","C:\ETRANPROCESSING\XML_SportKom","etranprocessing.ru","http","/system.applicationHost/sites/site[@name='etranprocessing.ru' and @id='2']/application[@path='/XML_SportKom']"
"/XML_GIBDDTechnicalInspectionPays","C:\ETRANPROCESSING\XML_GIBDDTechnicalInspectionPays","etranprocessing.ru","http","/system.applicationHost/sites/site[@name='etranprocessing.ru' and @id='2']/application[@path='/XML_GIBDDTechnicalInspectionPays']"
"/XML_RyazanUmMarsh","C:\ETRANPROCESSING\XML_RyazanUmMarsh",".NET v4.5","http","/system.applicationHost/sites/site[@name='etranprocessing.ru' and @id='2']/application[@path='/XML_RyazanUmMarsh']"
"/SysQiwiWallet","C:\ETRANPROCESSING.LOCAL\SysQiwiWallet","ETRANPROCESSING.LOCAL","http","/system.applicationHost/sites/site[@name='ETRANPROCESSING.LOCAL' and @id='3']/application[@path='/SysQiwiWallet']"
"/SysCyberPlat","C:\ETRANPROCESSING.LOCAL\SysCyberPlat","ETRANPROCESSING.LOCAL","http","/system.applicationHost/sites/site[@name='ETRANPROCESSING.LOCAL' and @id='3']/application[@path='/SysCyberPlat']"
"/SysYClients","C:\ETRANPROCESSING.LOCAL\SysYClients","ETRANPROCESSING.LOCAL","http","/system.applicationHost/sites/site[@name='ETRANPROCESSING.LOCAL' and @id='3']/application[@path='/SysYClients']"
"/GateUMmarsh","C:\ETRANPROCESSING.LOCAL\GateUMmarsh","Admin4.0","http","/system.applicationHost/sites/site[@name='ETRANPROCESSING.LOCAL' and @id='3']/application[@path='/GateUMmarsh']"
"/SysYandexWallet","C:\ETRANPROCESSING.LOCAL\SysYandexWallet","ETRANPROCESSING.LOCAL","http","/system.applicationHost/sites/site[@name='ETRANPROCESSING.LOCAL' and @id='3']/application[@path='/SysYandexWallet']"
"/SysOSMP","C:\ETRANPROCESSING.LOCAL\SysOSMP","Admin4.0","http","/system.applicationHost/sites/site[@name='ETRANPROCESSING.LOCAL' and @id='3']/application[@path='/SysOSMP']"
